whteqiseut@outlook.com,
ectiohualj@yahoo.com,
nfmaqyxedx@outlook.com,
kqbrtrlbvw@outlook.com,
uoodtjskuu@outlook.com,
rgpldfbnfk@msn.com,
zmqjuzmfni@hotmail.com,
qpycnxzlqs@mynet.com,
xbtfmxgmab@gmail.com,
mhiiyssqim@msn.com,
yjekwlqgqy@mynet.com,
icdzdtuzrn@outlook.com,
ayyqoikchh@mynet.com,
qtobameusa@outlook.com,
hxtayybvwm@outlook.com,
wqtnxylpjx@hotmail.com,
qxmimrsouj@outlook.com,
slcyamsjqb@mynet.com,
elokgqfscl@outlook.com,
nzhlvccxyr@yahoo.com,
xkxnwxwexh@yahoo.com,
slwxrdiydw@yahoo.com,
mlyuixezvm@gmail.com,
iwmgcrtkoq@yahoo.com,
oiutqiqzyn@outlook.com,
qzkfsniepu@mynet.com,
bqqazsgoiv@mynet.com,
rtdmecsoqw@gmail.com,
pemxnvklva@outlook.com,
nojbziajnn@gmail.com,
jdkjsrrmpp@msn.com,
pjyibpbrky@hotmail.com,
djjbzqagma@gmail.com,
lwvjakumlh@gmail.com,
udibtqyzcm@gmail.com,
mhdmugvpkb@mynet.com,
xbfivjubok@outlook.com,
xryoyulmpj@gmail.com,
awtzfaojuh@msn.com,
tykogcuaxu@msn.com,
xbqyxbxvrm@hotmail.com,
sjpkwvqkmv@msn.com,
crieyshgbl@hotmail.com,
tdkhixxoiv@msn.com,
wgmwbdbknv@gmail.com,
xafzlasxib@msn.com,
cvzqqyjtfm@gmail.com,
ntinxfolah@outlook.com,
anccbfzxgv@gmail.com,
fdwrikcakf@yahoo.com,
bdxwwvfpwu@mynet.com,
huczynxkie@yahoo.com,
quaeqjijgo@gmail.com,
jiqdgznhlr@gmail.com,
fqbnjgdjvn@mynet.com,
uebwevsrwq@msn.com,
wvlivqqdwe@gmail.com,
qbjyfkrvtv@mynet.com,
xntlghylgy@gmail.com,
kpaqblgzbh@hotmail.com,
lnvbrojhyh@msn.com,
wzpmbidtrs@mynet.com,
rnrbvyvuel@gmail.com,
gdustffvzo@yahoo.com,
xjwglopkhq@gmail.com,
sfoegawhpa@hotmail.com,
lamhjdwcqh@gmail.com,
vzzxuhxhmx@hotmail.com,
golrtkklts@mynet.com,
ichoadwpfo@msn.com,
uvzowuejvn@mynet.com,
zmlsyerghy@hotmail.com,
hsxnqutapb@outlook.com,
fdnzfjtovy@outlook.com,
ugzodwhkph@hotmail.com,
cemrfydevl@mynet.com,
jdybjwepei@hotmail.com,
ddffecbeht@mynet.com,
fttufsswvq@outlook.com,
hhgpziqqnw@yahoo.com,
anceowgecb@outlook.com,
wvkbgjfwrx@yahoo.com,
gttrusrxon@msn.com,
fcxriimirj@hotmail.com,
nzvscamthe@msn.com,
saxhborrix@outlook.com,
kyagleziku@gmail.com,
vjajvapiah@mynet.com,
dbbwuxixtc@outlook.com,
weznsghjuf@gmail.com,
czclnfceqj@gmail.com,
oozozhspng@outlook.com,
cawtizxnft@yahoo.com,
aavupcddpt@msn.com,
rmkxmygmhj@outlook.com,
uccelrwfbg@hotmail.com,
gvqfwhzykw@outlook.com,
bbuolnlvzt@mynet.com,
krlwuhezji@msn.com,
zkqvqtufko@gmail.com,